<?xml version="1.0" encoding="UTF-8"?>
<cus:Customizations xmlns:cus="http://www.bea.com/wli/config/customizations" xmlns:xsi="http://www.w3.org/2001/XMLSchema-instance" xmlns:xt="http://www.bea.com/wli/config/xmltypes">
    <cus:customization xsi:type="cus:EnvValueActionsCustomizationType">
        <cus:description/>
        <cus:owners>
            <xt:owner>
                <xt:type>ProxyService</xt:type>
                <xt:path>ExecutarAnaliseCredito/SN/Inbound/ExecutarAnaliseCredito</xt:path>
            </xt:owner>
        </cus:owners>
        <cus:actions>
            <xt:replace>
                <xt:envValueType>Service URI</xt:envValueType>
                <xt:value xsi:type="xs:string" xmlns:xs="http://www.w3.org/2001/XMLSchema">/ExecutarAnaliseCredito</xt:value>
            </xt:replace>
            <xt:replace>
                <xt:envValueType>Service Operational Settings</xt:envValueType>
                <xt:value>
                    <oper:operations enabled="true" xmlns:ser="http://www.bea.com/wli/sb/services" xmlns:con="http://www.bea.com/wli/sb/services/security/config" xmlns:oper="http://xmlns.oracle.com/servicebus/proxy/operations" xmlns:env="http://www.bea.com/wli/config/env" xmlns:tran="http://www.bea.com/wli/sb/transports"/>
                </xt:value>
            </xt:replace>
            <xt:replace>
                <xt:envValueType>UDDI Auto Publish</xt:envValueType>
                <xt:value xsi:type="xs:string" xmlns:xs="http://www.w3.org/2001/XMLSchema">false</xt:value>
            </xt:replace>
        </cus:actions>
    </cus:customization>
    <cus:customization xsi:type="cus:EnvValueActionsCustomizationType">
        <cus:description/>
        <cus:owners>
            <xt:owner>
                <xt:type>ProxyService</xt:type>
                <xt:path>AnaliseCredito/SE/ConsultarScore/Inbound/ConsultarScore</xt:path>
            </xt:owner>
        </cus:owners>
        <cus:actions>
            <xt:replace>
                <xt:envValueType>Service Operational Settings</xt:envValueType>
                <xt:value>
                    <oper:operations enabled="true" xmlns:ser="http://www.bea.com/wli/sb/services" xmlns:con="http://www.bea.com/wli/sb/services/security/config" xmlns:oper="http://xmlns.oracle.com/servicebus/proxy/operations" xmlns:tran="http://www.bea.com/wli/sb/transports"/>
                </xt:value>
            </xt:replace>
            <xt:replace>
                <xt:envValueType>UDDI Auto Publish</xt:envValueType>
                <xt:value xsi:type="xs:string" xmlns:xs="http://www.w3.org/2001/XMLSchema">false</xt:value>
            </xt:replace>
        </cus:actions>
    </cus:customization>
    <cus:customization xsi:type="cus:EnvValueActionsCustomizationType">
        <cus:description/>
        <cus:owners>
            <xt:owner>
                <xt:type>BusinessService</xt:type>
                <xt:path>AnaliseCredito/SE/ConsultarScore/Outbound/ConsultarScore</xt:path>
            </xt:owner>
        </cus:owners>
        <cus:actions>
            <xt:replace>
                <xt:envValueType>Service Operational Settings</xt:envValueType>
                <xt:value>
                    <oper:operations enabled="true" xmlns:ser="http://www.bea.com/wli/sb/services" xmlns:con="http://xmlns.oracle.com/servicebus/business/config" xmlns:http="http://www.bea.com/wli/sb/transports/http" xmlns:oper="http://xmlns.oracle.com/servicebus/business/operations" xmlns:env="http://www.bea.com/wli/config/env" xmlns:tran="http://www.bea.com/wli/sb/transports">
                        <oper:throttling/>
                        <oper:resultCachingEnabled>true</oper:resultCachingEnabled>
                    </oper:operations>
                </xt:value>
            </xt:replace>
            <xt:replace>
                <xt:envValueType>Service URI Weight</xt:envValueType>
                <xt:location>0</xt:location>
                <xt:value xsi:type="xs:string" xmlns:xs="http://www.w3.org/2001/XMLSchema">0</xt:value>
            </xt:replace>
            <xt:replace>
                <xt:envValueType>Service URI</xt:envValueType>
                <xt:location>0</xt:location>
                <xt:value xsi:type="xs:string" xmlns:xs="http://www.w3.org/2001/XMLSchema">http://127.0.0.1:7001/ProvaDevServices/services/Score0002</xt:value>
            </xt:replace>
            <xt:replace>
                <xt:envValueType>Service URI Table</xt:envValueType>
                <xt:value xsi:type="tran:URITableType" xmlns:tran="http://www.bea.com/wli/sb/transports">
                    <tran:tableElement>
                        <tran:URI>http://127.0.0.1:7001/ProvaDevServices/services/Score0002</tran:URI>
                        <tran:weight>0</tran:weight>
                    </tran:tableElement>
                </xt:value>
            </xt:replace>
            <xt:replace>
                <xt:envValueType>Service Retry Count</xt:envValueType>
                <xt:value xsi:type="xs:string" xmlns:xs="http://www.w3.org/2001/XMLSchema">0</xt:value>
            </xt:replace>
            <xt:replace>
                <xt:envValueType>Service Retry Iteration Interval</xt:envValueType>
                <xt:value xsi:type="xs:string" xmlns:xs="http://www.w3.org/2001/XMLSchema">30</xt:value>
            </xt:replace>
            <xt:replace>
                <xt:envValueType>Work Manager</xt:envValueType>
                <xt:value xsi:type="xs:string" xmlns:xs="http://www.w3.org/2001/XMLSchema">SBDefaultResponseWorkManager</xt:value>
            </xt:replace>
            <xt:replace>
                <xt:envValueType>Read Timeout for HTTP Outbound Transport Provider</xt:envValueType>
                <xt:value xsi:type="xs:string" xmlns:xs="http://www.w3.org/2001/XMLSchema">0</xt:value>
            </xt:replace>
            <xt:replace>
                <xt:envValueType>Connection Timeout for HTTP Outbound Transport Provider</xt:envValueType>
                <xt:value xsi:type="xs:string" xmlns:xs="http://www.w3.org/2001/XMLSchema">0</xt:value>
            </xt:replace>
        </cus:actions>
    </cus:customization>
    <cus:customization xsi:type="cus:EnvValueActionsCustomizationType">
        <cus:description/>
        <cus:owners>
            <xt:owner>
                <xt:type>ProxyService</xt:type>
                <xt:path>AnaliseCredito/SN/ConsultarScore/Inbound/ConsultarScore</xt:path>
            </xt:owner>
        </cus:owners>
        <cus:actions>
            <xt:replace>
                <xt:envValueType>Service URI</xt:envValueType>
                <xt:value xsi:type="xs:string" xmlns:xs="http://www.w3.org/2001/XMLSchema">/RealizarAnaliseCredito</xt:value>
            </xt:replace>
            <xt:replace>
                <xt:envValueType>Service Operational Settings</xt:envValueType>
                <xt:value>
                    <oper:operations enabled="true" xmlns:ser="http://www.bea.com/wli/sb/services" xmlns:con="http://www.bea.com/wli/sb/services/security/config" xmlns:oper="http://xmlns.oracle.com/servicebus/proxy/operations" xmlns:env="http://www.bea.com/wli/config/env" xmlns:tran="http://www.bea.com/wli/sb/transports"/>
                </xt:value>
            </xt:replace>
            <xt:replace>
                <xt:envValueType>UDDI Auto Publish</xt:envValueType>
                <xt:value xsi:type="xs:string" xmlns:xs="http://www.w3.org/2001/XMLSchema">false</xt:value>
            </xt:replace>
        </cus:actions>
    </cus:customization>
    <cus:customization xsi:type="cus:EnvValueActionsCustomizationType">
        <cus:description/>
        <cus:owners>
            <xt:owner>
                <xt:type>ProxyService</xt:type>
                <xt:path>BuscarDadosCliente/SE/BuscarDadosCliente/Inbound/BuscarDadosCliente</xt:path>
            </xt:owner>
        </cus:owners>
        <cus:actions>
            <xt:replace>
                <xt:envValueType>Service Operational Settings</xt:envValueType>
                <xt:value>
                    <oper:operations enabled="true" xmlns:ser="http://www.bea.com/wli/sb/services" xmlns:con="http://www.bea.com/wli/sb/services/security/config" xmlns:oper="http://xmlns.oracle.com/servicebus/proxy/operations" xmlns:tran="http://www.bea.com/wli/sb/transports"/>
                </xt:value>
            </xt:replace>
            <xt:replace>
                <xt:envValueType>UDDI Auto Publish</xt:envValueType>
                <xt:value xsi:type="xs:string" xmlns:xs="http://www.w3.org/2001/XMLSchema">false</xt:value>
            </xt:replace>
        </cus:actions>
    </cus:customization>
    <cus:customization xsi:type="cus:EnvValueActionsCustomizationType">
        <cus:description/>
        <cus:owners>
            <xt:owner>
                <xt:type>BusinessService</xt:type>
                <xt:path>BuscarDadosCliente/SE/BuscarDadosCliente/Outbound/BuscarDadosCliente</xt:path>
            </xt:owner>
        </cus:owners>
        <cus:actions>
            <xt:replace>
                <xt:envValueType>Service Operational Settings</xt:envValueType>
                <xt:value>
                    <oper:operations enabled="true" xmlns:ser="http://www.bea.com/wli/sb/services" xmlns:con="http://xmlns.oracle.com/servicebus/business/config" xmlns:http="http://www.bea.com/wli/sb/transports/http" xmlns:oper="http://xmlns.oracle.com/servicebus/business/operations" xmlns:env="http://www.bea.com/wli/config/env" xmlns:tran="http://www.bea.com/wli/sb/transports">
                        <oper:throttling enabled="false"/>
                        <oper:resultCachingEnabled>true</oper:resultCachingEnabled>
                    </oper:operations>
                </xt:value>
            </xt:replace>
            <xt:replace>
                <xt:envValueType>Service URI Weight</xt:envValueType>
                <xt:location>0</xt:location>
                <xt:value xsi:type="xs:string" xmlns:xs="http://www.w3.org/2001/XMLSchema">0</xt:value>
            </xt:replace>
            <xt:replace>
                <xt:envValueType>Service URI</xt:envValueType>
                <xt:location>0</xt:location>
                <xt:value xsi:type="xs:string" xmlns:xs="http://www.w3.org/2001/XMLSchema">http://127.0.0.1:7001/ProvaDevServices/services/SearchCustumerDetails</xt:value>
            </xt:replace>
            <xt:replace>
                <xt:envValueType>Service URI Table</xt:envValueType>
                <xt:value xsi:type="tran:URITableType" xmlns:tran="http://www.bea.com/wli/sb/transports">
                    <tran:tableElement>
                        <tran:URI>http://127.0.0.1:7001/ProvaDevServices/services/SearchCustumerDetails</tran:URI>
                        <tran:weight>0</tran:weight>
                    </tran:tableElement>
                </xt:value>
            </xt:replace>
            <xt:replace>
                <xt:envValueType>Service Retry Count</xt:envValueType>
                <xt:value xsi:type="xs:string" xmlns:xs="http://www.w3.org/2001/XMLSchema">0</xt:value>
            </xt:replace>
            <xt:replace>
                <xt:envValueType>Service Retry Iteration Interval</xt:envValueType>
                <xt:value xsi:type="xs:string" xmlns:xs="http://www.w3.org/2001/XMLSchema">30</xt:value>
            </xt:replace>
            <xt:replace>
                <xt:envValueType>Work Manager</xt:envValueType>
                <xt:value xsi:type="xs:string" xmlns:xs="http://www.w3.org/2001/XMLSchema">SBDefaultResponseWorkManager</xt:value>
            </xt:replace>
            <xt:replace>
                <xt:envValueType>Read Timeout for HTTP Outbound Transport Provider</xt:envValueType>
                <xt:value xsi:type="xs:string" xmlns:xs="http://www.w3.org/2001/XMLSchema">0</xt:value>
            </xt:replace>
            <xt:replace>
                <xt:envValueType>Connection Timeout for HTTP Outbound Transport Provider</xt:envValueType>
                <xt:value xsi:type="xs:string" xmlns:xs="http://www.w3.org/2001/XMLSchema">0</xt:value>
            </xt:replace>
        </cus:actions>
    </cus:customization>
    <cus:customization xsi:type="cus:EnvValueActionsCustomizationType">
        <cus:description/>
        <cus:owners>
            <xt:owner>
                <xt:type>ProxyService</xt:type>
                <xt:path>BuscarDadosCliente/SN/BuscarDadosCliente/Inbound/BuscarDadosCliente</xt:path>
            </xt:owner>
        </cus:owners>
        <cus:actions>
            <xt:replace>
                <xt:envValueType>Service URI</xt:envValueType>
                <xt:value xsi:type="xs:string" xmlns:xs="http://www.w3.org/2001/XMLSchema">/BuscarDadosCliente</xt:value>
            </xt:replace>
            <xt:replace>
                <xt:envValueType>Service Operational Settings</xt:envValueType>
                <xt:value>
                    <oper:operations enabled="true" xmlns:ser="http://www.bea.com/wli/sb/services" xmlns:con="http://www.bea.com/wli/sb/services/security/config" xmlns:oper="http://xmlns.oracle.com/servicebus/proxy/operations" xmlns:env="http://www.bea.com/wli/config/env" xmlns:tran="http://www.bea.com/wli/sb/transports"/>
                </xt:value>
            </xt:replace>
            <xt:replace>
                <xt:envValueType>UDDI Auto Publish</xt:envValueType>
                <xt:value xsi:type="xs:string" xmlns:xs="http://www.w3.org/2001/XMLSchema">false</xt:value>
            </xt:replace>
        </cus:actions>
    </cus:customization>
    <cus:customization xsi:type="cus:EnvValueActionsCustomizationType">
        <cus:description/>
        <cus:owners>
            <xt:owner>
                <xt:type>ProxyService</xt:type>
                <xt:path>ExecutarAnaliseCredito/SE/ExecutarAnaliseCredito/Inbound/ExecutarAnaliseCredito</xt:path>
            </xt:owner>
        </cus:owners>
        <cus:actions>
            <xt:replace>
                <xt:envValueType>Service Operational Settings</xt:envValueType>
                <xt:value>
                    <oper:operations enabled="true" xmlns:ser="http://www.bea.com/wli/sb/services" xmlns:con="http://www.bea.com/wli/sb/services/security/config" xmlns:oper="http://xmlns.oracle.com/servicebus/proxy/operations" xmlns:tran="http://www.bea.com/wli/sb/transports"/>
                </xt:value>
            </xt:replace>
            <xt:replace>
                <xt:envValueType>UDDI Auto Publish</xt:envValueType>
                <xt:value xsi:type="xs:string" xmlns:xs="http://www.w3.org/2001/XMLSchema">false</xt:value>
            </xt:replace>
        </cus:actions>
    </cus:customization>
    <cus:customization xsi:type="cus:EnvValueActionsCustomizationType">
        <cus:description/>
        <cus:owners>
            <xt:owner>
                <xt:type>BusinessService</xt:type>
                <xt:path>ExecutarAnaliseCredito/SE/ExecutarAnaliseCredito/Outbound/ExecutarAnaliseCredito</xt:path>
            </xt:owner>
        </cus:owners>
        <cus:actions>
            <xt:replace>
                <xt:envValueType>Service Operational Settings</xt:envValueType>
                <xt:value>
                    <oper:operations enabled="true" xmlns:ser="http://www.bea.com/wli/sb/services" xmlns:con="http://xmlns.oracle.com/servicebus/business/config" xmlns:http="http://www.bea.com/wli/sb/transports/http" xmlns:oper="http://xmlns.oracle.com/servicebus/business/operations" xmlns:env="http://www.bea.com/wli/config/env" xmlns:tran="http://www.bea.com/wli/sb/transports">
                        <oper:throttling/>
                        <oper:resultCachingEnabled>true</oper:resultCachingEnabled>
                    </oper:operations>
                </xt:value>
            </xt:replace>
            <xt:replace>
                <xt:envValueType>Service URI Weight</xt:envValueType>
                <xt:location>0</xt:location>
                <xt:value xsi:type="xs:string" xmlns:xs="http://www.w3.org/2001/XMLSchema">0</xt:value>
            </xt:replace>
            <xt:replace>
                <xt:envValueType>Service URI</xt:envValueType>
                <xt:location>0</xt:location>
                <xt:value xsi:type="xs:string" xmlns:xs="http://www.w3.org/2001/XMLSchema">http://localhost:8001/soa-infra/services/default/ExecutarAnalise/executaranalisecredito_client_ep</xt:value>
            </xt:replace>
            <xt:replace>
                <xt:envValueType>Service URI Table</xt:envValueType>
                <xt:value xsi:type="tran:URITableType" xmlns:tran="http://www.bea.com/wli/sb/transports">
                    <tran:tableElement>
                        <tran:URI>http://localhost:8001/soa-infra/services/default/ExecutarAnalise/executaranalisecredito_client_ep</tran:URI>
                        <tran:weight>0</tran:weight>
                    </tran:tableElement>
                </xt:value>
            </xt:replace>
            <xt:replace>
                <xt:envValueType>Service Retry Count</xt:envValueType>
                <xt:value xsi:type="xs:string" xmlns:xs="http://www.w3.org/2001/XMLSchema">0</xt:value>
            </xt:replace>
            <xt:replace>
                <xt:envValueType>Service Retry Iteration Interval</xt:envValueType>
                <xt:value xsi:type="xs:string" xmlns:xs="http://www.w3.org/2001/XMLSchema">30</xt:value>
            </xt:replace>
            <xt:replace>
                <xt:envValueType>Work Manager</xt:envValueType>
                <xt:value xsi:type="xs:string" xmlns:xs="http://www.w3.org/2001/XMLSchema">SBDefaultResponseWorkManager</xt:value>
            </xt:replace>
            <xt:replace>
                <xt:envValueType>Read Timeout for HTTP Outbound Transport Provider</xt:envValueType>
                <xt:value xsi:type="xs:string" xmlns:xs="http://www.w3.org/2001/XMLSchema">0</xt:value>
            </xt:replace>
            <xt:replace>
                <xt:envValueType>Connection Timeout for HTTP Outbound Transport Provider</xt:envValueType>
                <xt:value xsi:type="xs:string" xmlns:xs="http://www.w3.org/2001/XMLSchema">0</xt:value>
            </xt:replace>
        </cus:actions>
    </cus:customization>
    <cus:customization xsi:type="cus:FindAndReplaceCustomizationType">
        <cus:description/>
        <cus:query>
            <xt:resourceTypes>BusinessService</xt:resourceTypes>
            <xt:resourceTypes>ProxyService</xt:resourceTypes>
            <xt:envValueTypes>Connection Timeout for HTTP Outbound Transport Provider</xt:envValueTypes>
            <xt:envValueTypes>Read Timeout for HTTP Outbound Transport Provider</xt:envValueTypes>
            <xt:envValueTypes>Service Retry Count</xt:envValueTypes>
            <xt:envValueTypes>Service Retry Iteration Interval</xt:envValueTypes>
            <xt:envValueTypes>Service URI</xt:envValueTypes>
            <xt:envValueTypes>Service URI Weight</xt:envValueTypes>
            <xt:envValueTypes>UDDI Auto Publish</xt:envValueTypes>
            <xt:envValueTypes>Work Manager</xt:envValueTypes>
            <xt:refsToSearch xsi:type="xt:ResourceRefType">
                <xt:type>ProxyService</xt:type>
                <xt:path>ExecutarAnaliseCredito/SN/Inbound/ExecutarAnaliseCredito</xt:path>
            </xt:refsToSearch>
            <xt:refsToSearch xsi:type="xt:ResourceRefType">
                <xt:type>ProxyService</xt:type>
                <xt:path>AnaliseCredito/SE/ConsultarScore/Inbound/ConsultarScore</xt:path>
            </xt:refsToSearch>
            <xt:refsToSearch xsi:type="xt:ResourceRefType">
                <xt:type>BusinessService</xt:type>
                <xt:path>AnaliseCredito/SE/ConsultarScore/Outbound/ConsultarScore</xt:path>
            </xt:refsToSearch>
            <xt:refsToSearch xsi:type="xt:ResourceRefType">
                <xt:type>ProxyService</xt:type>
                <xt:path>AnaliseCredito/SN/ConsultarScore/Inbound/ConsultarScore</xt:path>
            </xt:refsToSearch>
            <xt:refsToSearch xsi:type="xt:ResourceRefType">
                <xt:type>ProxyService</xt:type>
                <xt:path>BuscarDadosCliente/SE/BuscarDadosCliente/Inbound/BuscarDadosCliente</xt:path>
            </xt:refsToSearch>
            <xt:refsToSearch xsi:type="xt:ResourceRefType">
                <xt:type>BusinessService</xt:type>
                <xt:path>BuscarDadosCliente/SE/BuscarDadosCliente/Outbound/BuscarDadosCliente</xt:path>
            </xt:refsToSearch>
            <xt:refsToSearch xsi:type="xt:ResourceRefType">
                <xt:type>ProxyService</xt:type>
                <xt:path>BuscarDadosCliente/SN/BuscarDadosCliente/Inbound/BuscarDadosCliente</xt:path>
            </xt:refsToSearch>
            <xt:refsToSearch xsi:type="xt:ResourceRefType">
                <xt:type>ProxyService</xt:type>
                <xt:path>ExecutarAnaliseCredito/SE/ExecutarAnaliseCredito/Inbound/ExecutarAnaliseCredito</xt:path>
            </xt:refsToSearch>
            <xt:refsToSearch xsi:type="xt:ResourceRefType">
                <xt:type>BusinessService</xt:type>
                <xt:path>ExecutarAnaliseCredito/SE/ExecutarAnaliseCredito/Outbound/ExecutarAnaliseCredito</xt:path>
            </xt:refsToSearch>
            <xt:includeOnlyModifiedResources>false</xt:includeOnlyModifiedResources>
            <xt:searchString>Search String</xt:searchString>
            <xt:isCompleteMatch>false</xt:isCompleteMatch>
        </cus:query>
        <cus:replacement>Replacement String</cus:replacement>
    </cus:customization>
    <cus:customization xsi:type="cus:ReferenceCustomizationType">
        <cus:description/>
        <cus:refsToBeConsidered xsi:type="xt:ResourceRefType">
            <xt:type>Pipeline</xt:type>
            <xt:path>ExecutarAnaliseCredito/SN/ExecutarAnaliseCredito</xt:path>
        </cus:refsToBeConsidered>
        <cus:refsToBeConsidered xsi:type="xt:ResourceRefType">
            <xt:type>Pipeline</xt:type>
            <xt:path>AnaliseCredito/SN/ConsultarScore/ConsultarScore</xt:path>
        </cus:refsToBeConsidered>
        <cus:refsToBeConsidered xsi:type="xt:ResourceRefType">
            <xt:type>Pipeline</xt:type>
            <xt:path>BuscarDadosCliente/SN/BuscarDadosCliente/BuscarDadosCliente</xt:path>
        </cus:refsToBeConsidered>
        <cus:refsToBeConsidered xsi:type="xt:ResourceRefType">
            <xt:type>ProxyService</xt:type>
            <xt:path>ExecutarAnaliseCredito/SN/Inbound/ExecutarAnaliseCredito</xt:path>
        </cus:refsToBeConsidered>
        <cus:refsToBeConsidered xsi:type="xt:ResourceRefType">
            <xt:type>ProxyService</xt:type>
            <xt:path>AnaliseCredito/SE/ConsultarScore/Inbound/ConsultarScore</xt:path>
        </cus:refsToBeConsidered>
        <cus:refsToBeConsidered xsi:type="xt:ResourceRefType">
            <xt:type>BusinessService</xt:type>
            <xt:path>AnaliseCredito/SE/ConsultarScore/Outbound/ConsultarScore</xt:path>
        </cus:refsToBeConsidered>
        <cus:refsToBeConsidered xsi:type="xt:ResourceRefType">
            <xt:type>ProxyService</xt:type>
            <xt:path>AnaliseCredito/SN/ConsultarScore/Inbound/ConsultarScore</xt:path>
        </cus:refsToBeConsidered>
        <cus:refsToBeConsidered xsi:type="xt:ResourceRefType">
            <xt:type>ProxyService</xt:type>
            <xt:path>BuscarDadosCliente/SE/BuscarDadosCliente/Inbound/BuscarDadosCliente</xt:path>
        </cus:refsToBeConsidered>
        <cus:refsToBeConsidered xsi:type="xt:ResourceRefType">
            <xt:type>BusinessService</xt:type>
            <xt:path>BuscarDadosCliente/SE/BuscarDadosCliente/Outbound/BuscarDadosCliente</xt:path>
        </cus:refsToBeConsidered>
        <cus:refsToBeConsidered xsi:type="xt:ResourceRefType">
            <xt:type>ProxyService</xt:type>
            <xt:path>BuscarDadosCliente/SN/BuscarDadosCliente/Inbound/BuscarDadosCliente</xt:path>
        </cus:refsToBeConsidered>
        <cus:refsToBeConsidered xsi:type="xt:ResourceRefType">
            <xt:type>ProxyService</xt:type>
            <xt:path>ExecutarAnaliseCredito/SE/ExecutarAnaliseCredito/Inbound/ExecutarAnaliseCredito</xt:path>
        </cus:refsToBeConsidered>
        <cus:refsToBeConsidered xsi:type="xt:ResourceRefType">
            <xt:type>BusinessService</xt:type>
            <xt:path>ExecutarAnaliseCredito/SE/ExecutarAnaliseCredito/Outbound/ExecutarAnaliseCredito</xt:path>
        </cus:refsToBeConsidered>
        <cus:refsToBeConsidered xsi:type="xt:ResourceRefType">
            <xt:type>WSDL</xt:type>
            <xt:path>ExecutarAnaliseCredito/SN/Resources/WSDL/ProcessoAnaliseCredito</xt:path>
        </cus:refsToBeConsidered>
        <cus:refsToBeConsidered xsi:type="xt:ResourceRefType">
            <xt:type>Xquery</xt:type>
            <xt:path>ExecutarAnaliseCredito/SN/Resources/XSL/ExecutarAnaliseCreditoRequest</xt:path>
        </cus:refsToBeConsidered>
        <cus:refsToBeConsidered xsi:type="xt:ResourceRefType">
            <xt:type>Xquery</xt:type>
            <xt:path>ExecutarAnaliseCredito/SN/Resources/XSL/ExecutarAnaliseCreditoResponse</xt:path>
        </cus:refsToBeConsidered>
        <cus:refsToBeConsidered xsi:type="xt:ResourceRefType">
            <xt:type>WSDL</xt:type>
            <xt:path>AnaliseCredito/SN/ConsultarScore/Resources/WSDL/RealizarAnaliseCredito</xt:path>
        </cus:refsToBeConsidered>
        <cus:refsToBeConsidered xsi:type="xt:ResourceRefType">
            <xt:type>Xquery</xt:type>
            <xt:path>AnaliseCredito/SN/ConsultarScore/Resources/XSL/ConsultarScoreRequest</xt:path>
        </cus:refsToBeConsidered>
        <cus:refsToBeConsidered xsi:type="xt:ResourceRefType">
            <xt:type>Xquery</xt:type>
            <xt:path>AnaliseCredito/SN/ConsultarScore/Resources/XSL/ConsultarScoreResponse</xt:path>
        </cus:refsToBeConsidered>
        <cus:refsToBeConsidered xsi:type="xt:ResourceRefType">
            <xt:type>WSDL</xt:type>
            <xt:path>BuscarDadosCliente/SN/BuscarDadosCliente/Resources/WSDL/ConsultaDadosCliente</xt:path>
        </cus:refsToBeConsidered>
        <cus:refsToBeConsidered xsi:type="xt:ResourceRefType">
            <xt:type>Xquery</xt:type>
            <xt:path>BuscarDadosCliente/SN/BuscarDadosCliente/Resources/XSL/BuscarDadosClienteRequest</xt:path>
        </cus:refsToBeConsidered>
        <cus:refsToBeConsidered xsi:type="xt:ResourceRefType">
            <xt:type>Xquery</xt:type>
            <xt:path>BuscarDadosCliente/SN/BuscarDadosCliente/Resources/XSL/BuscarDadosClienteResponse</xt:path>
        </cus:refsToBeConsidered>
        <cus:refsToBeConsidered xsi:type="xt:ResourceRefType">
            <xt:type>WSDL</xt:type>
            <xt:path>ExecutarAnaliseCredito/SE/ExecutarAnaliseCredito/Resources/WSDL/executaranalisecredito_client_ep</xt:path>
        </cus:refsToBeConsidered>
        <cus:refsToBeConsidered xsi:type="xt:ResourceRefType">
            <xt:type>WSDL</xt:type>
            <xt:path>ExecutarAnaliseCredito/SE/ExecutarAnaliseCredito/Resources/WSDL/executaranalisecredito_client_ep_1</xt:path>
        </cus:refsToBeConsidered>
        <cus:externalReferenceMap>
            <xt:oldRef>
                <xt:type>Pipeline</xt:type>
                <xt:path>ExecutarAnaliseCredito/SN/ExecutarAnaliseCredito</xt:path>
            </xt:oldRef>
            <xt:newRef>
                <xt:type>Pipeline</xt:type>
                <xt:path>ExecutarAnaliseCredito/SN/ExecutarAnaliseCredito</xt:path>
            </xt:newRef>
        </cus:externalReferenceMap>
        <cus:externalReferenceMap>
            <xt:oldRef>
                <xt:type>Pipeline</xt:type>
                <xt:path>AnaliseCredito/SN/ConsultarScore/ConsultarScore</xt:path>
            </xt:oldRef>
            <xt:newRef>
                <xt:type>Pipeline</xt:type>
                <xt:path>AnaliseCredito/SN/ConsultarScore/ConsultarScore</xt:path>
            </xt:newRef>
        </cus:externalReferenceMap>
        <cus:externalReferenceMap>
            <xt:oldRef>
                <xt:type>Pipeline</xt:type>
                <xt:path>BuscarDadosCliente/SN/BuscarDadosCliente/BuscarDadosCliente</xt:path>
            </xt:oldRef>
            <xt:newRef>
                <xt:type>Pipeline</xt:type>
                <xt:path>BuscarDadosCliente/SN/BuscarDadosCliente/BuscarDadosCliente</xt:path>
            </xt:newRef>
        </cus:externalReferenceMap>
        <cus:externalReferenceMap>
            <xt:oldRef>
                <xt:type>ProxyService</xt:type>
                <xt:path>AnaliseCredito/SE/ConsultarScore/Inbound/ConsultarScore</xt:path>
            </xt:oldRef>
            <xt:newRef>
                <xt:type>ProxyService</xt:type>
                <xt:path>AnaliseCredito/SE/ConsultarScore/Inbound/ConsultarScore</xt:path>
            </xt:newRef>
        </cus:externalReferenceMap>
        <cus:externalReferenceMap>
            <xt:oldRef>
                <xt:type>BusinessService</xt:type>
                <xt:path>AnaliseCredito/SE/ConsultarScore/Outbound/ConsultarScore</xt:path>
            </xt:oldRef>
            <xt:newRef>
                <xt:type>BusinessService</xt:type>
                <xt:path>AnaliseCredito/SE/ConsultarScore/Outbound/ConsultarScore</xt:path>
            </xt:newRef>
        </cus:externalReferenceMap>
        <cus:externalReferenceMap>
            <xt:oldRef>
                <xt:type>ProxyService</xt:type>
                <xt:path>BuscarDadosCliente/SE/BuscarDadosCliente/Inbound/BuscarDadosCliente</xt:path>
            </xt:oldRef>
            <xt:newRef>
                <xt:type>ProxyService</xt:type>
                <xt:path>BuscarDadosCliente/SE/BuscarDadosCliente/Inbound/BuscarDadosCliente</xt:path>
            </xt:newRef>
        </cus:externalReferenceMap>
        <cus:externalReferenceMap>
            <xt:oldRef>
                <xt:type>BusinessService</xt:type>
                <xt:path>BuscarDadosCliente/SE/BuscarDadosCliente/Outbound/BuscarDadosCliente</xt:path>
            </xt:oldRef>
            <xt:newRef>
                <xt:type>BusinessService</xt:type>
                <xt:path>BuscarDadosCliente/SE/BuscarDadosCliente/Outbound/BuscarDadosCliente</xt:path>
            </xt:newRef>
        </cus:externalReferenceMap>
        <cus:externalReferenceMap>
            <xt:oldRef>
                <xt:type>ProxyService</xt:type>
                <xt:path>ExecutarAnaliseCredito/SE/ExecutarAnaliseCredito/Inbound/ExecutarAnaliseCredito</xt:path>
            </xt:oldRef>
            <xt:newRef>
                <xt:type>ProxyService</xt:type>
                <xt:path>ExecutarAnaliseCredito/SE/ExecutarAnaliseCredito/Inbound/ExecutarAnaliseCredito</xt:path>
            </xt:newRef>
        </cus:externalReferenceMap>
        <cus:externalReferenceMap>
            <xt:oldRef>
                <xt:type>BusinessService</xt:type>
                <xt:path>ExecutarAnaliseCredito/SE/ExecutarAnaliseCredito/Outbound/ExecutarAnaliseCredito</xt:path>
            </xt:oldRef>
            <xt:newRef>
                <xt:type>BusinessService</xt:type>
                <xt:path>ExecutarAnaliseCredito/SE/ExecutarAnaliseCredito/Outbound/ExecutarAnaliseCredito</xt:path>
            </xt:newRef>
        </cus:externalReferenceMap>
        <cus:externalReferenceMap>
            <xt:oldRef>
                <xt:type>WSDL</xt:type>
                <xt:path>ExecutarAnaliseCredito/SN/Resources/WSDL/ProcessoAnaliseCredito</xt:path>
            </xt:oldRef>
            <xt:newRef>
                <xt:type>WSDL</xt:type>
                <xt:path>ExecutarAnaliseCredito/SN/Resources/WSDL/ProcessoAnaliseCredito</xt:path>
            </xt:newRef>
        </cus:externalReferenceMap>
        <cus:externalReferenceMap>
            <xt:oldRef>
                <xt:type>XMLSchema</xt:type>
                <xt:path>ExecutarAnaliseCredito/SN/Resources/XSD/ParametrosProcessoAnaliseCredito</xt:path>
            </xt:oldRef>
            <xt:newRef>
                <xt:type>XMLSchema</xt:type>
                <xt:path>ExecutarAnaliseCredito/SN/Resources/XSD/ParametrosProcessoAnaliseCredito</xt:path>
            </xt:newRef>
        </cus:externalReferenceMap>
        <cus:externalReferenceMap>
            <xt:oldRef>
                <xt:type>XMLSchema</xt:type>
                <xt:path>ExecutarAnaliseCredito/SN/Resources/XSD/ResultadoProcessoAnaliseCredito</xt:path>
            </xt:oldRef>
            <xt:newRef>
                <xt:type>XMLSchema</xt:type>
                <xt:path>ExecutarAnaliseCredito/SN/Resources/XSD/ResultadoProcessoAnaliseCredito</xt:path>
            </xt:newRef>
        </cus:externalReferenceMap>
        <cus:externalReferenceMap>
            <xt:oldRef>
                <xt:type>Xquery</xt:type>
                <xt:path>ExecutarAnaliseCredito/SN/Resources/XSL/ExecutarAnaliseCreditoRequest</xt:path>
            </xt:oldRef>
            <xt:newRef>
                <xt:type>Xquery</xt:type>
                <xt:path>ExecutarAnaliseCredito/SN/Resources/XSL/ExecutarAnaliseCreditoRequest</xt:path>
            </xt:newRef>
        </cus:externalReferenceMap>
        <cus:externalReferenceMap>
            <xt:oldRef>
                <xt:type>Xquery</xt:type>
                <xt:path>ExecutarAnaliseCredito/SN/Resources/XSL/ExecutarAnaliseCreditoResponse</xt:path>
            </xt:oldRef>
            <xt:newRef>
                <xt:type>Xquery</xt:type>
                <xt:path>ExecutarAnaliseCredito/SN/Resources/XSL/ExecutarAnaliseCreditoResponse</xt:path>
            </xt:newRef>
        </cus:externalReferenceMap>
        <cus:externalReferenceMap>
            <xt:oldRef>
                <xt:type>WSDL</xt:type>
                <xt:path>AnaliseCredito/SE/ConsultarScore/Resources/WSDL/Score0002</xt:path>
            </xt:oldRef>
            <xt:newRef>
                <xt:type>WSDL</xt:type>
                <xt:path>AnaliseCredito/SE/ConsultarScore/Resources/WSDL/Score0002</xt:path>
            </xt:newRef>
        </cus:externalReferenceMap>
        <cus:externalReferenceMap>
            <xt:oldRef>
                <xt:type>WSDL</xt:type>
                <xt:path>AnaliseCredito/SN/ConsultarScore/Resources/WSDL/RealizarAnaliseCredito</xt:path>
            </xt:oldRef>
            <xt:newRef>
                <xt:type>WSDL</xt:type>
                <xt:path>AnaliseCredito/SN/ConsultarScore/Resources/WSDL/RealizarAnaliseCredito</xt:path>
            </xt:newRef>
        </cus:externalReferenceMap>
        <cus:externalReferenceMap>
            <xt:oldRef>
                <xt:type>XMLSchema</xt:type>
                <xt:path>AnaliseCredito/SN/ConsultarScore/Resources/XSD/AnaliseCreditoRequest</xt:path>
            </xt:oldRef>
            <xt:newRef>
                <xt:type>XMLSchema</xt:type>
                <xt:path>AnaliseCredito/SN/ConsultarScore/Resources/XSD/AnaliseCreditoRequest</xt:path>
            </xt:newRef>
        </cus:externalReferenceMap>
        <cus:externalReferenceMap>
            <xt:oldRef>
                <xt:type>XMLSchema</xt:type>
                <xt:path>AnaliseCredito/SN/ConsultarScore/Resources/XSD/AnaliseCreditoResponse</xt:path>
            </xt:oldRef>
            <xt:newRef>
                <xt:type>XMLSchema</xt:type>
                <xt:path>AnaliseCredito/SN/ConsultarScore/Resources/XSD/AnaliseCreditoResponse</xt:path>
            </xt:newRef>
        </cus:externalReferenceMap>
        <cus:externalReferenceMap>
            <xt:oldRef>
                <xt:type>Xquery</xt:type>
                <xt:path>AnaliseCredito/SN/ConsultarScore/Resources/XSL/ConsultarScoreRequest</xt:path>
            </xt:oldRef>
            <xt:newRef>
                <xt:type>Xquery</xt:type>
                <xt:path>AnaliseCredito/SN/ConsultarScore/Resources/XSL/ConsultarScoreRequest</xt:path>
            </xt:newRef>
        </cus:externalReferenceMap>
        <cus:externalReferenceMap>
            <xt:oldRef>
                <xt:type>Xquery</xt:type>
                <xt:path>AnaliseCredito/SN/ConsultarScore/Resources/XSL/ConsultarScoreResponse</xt:path>
            </xt:oldRef>
            <xt:newRef>
                <xt:type>Xquery</xt:type>
                <xt:path>AnaliseCredito/SN/ConsultarScore/Resources/XSL/ConsultarScoreResponse</xt:path>
            </xt:newRef>
        </cus:externalReferenceMap>
        <cus:externalReferenceMap>
            <xt:oldRef>
                <xt:type>WSDL</xt:type>
                <xt:path>BuscarDadosCliente/SE/BuscarDadosCliente/Resources/WSDL/SearchCustumerDetails</xt:path>
            </xt:oldRef>
            <xt:newRef>
                <xt:type>WSDL</xt:type>
                <xt:path>BuscarDadosCliente/SE/BuscarDadosCliente/Resources/WSDL/SearchCustumerDetails</xt:path>
            </xt:newRef>
        </cus:externalReferenceMap>
        <cus:externalReferenceMap>
            <xt:oldRef>
                <xt:type>WSDL</xt:type>
                <xt:path>BuscarDadosCliente/SN/BuscarDadosCliente/Resources/WSDL/ConsultaDadosCliente</xt:path>
            </xt:oldRef>
            <xt:newRef>
                <xt:type>WSDL</xt:type>
                <xt:path>BuscarDadosCliente/SN/BuscarDadosCliente/Resources/WSDL/ConsultaDadosCliente</xt:path>
            </xt:newRef>
        </cus:externalReferenceMap>
        <cus:externalReferenceMap>
            <xt:oldRef>
                <xt:type>XMLSchema</xt:type>
                <xt:path>BuscarDadosCliente/SN/BuscarDadosCliente/Resources/XSD/BuscarDadosClienteRequest</xt:path>
            </xt:oldRef>
            <xt:newRef>
                <xt:type>XMLSchema</xt:type>
                <xt:path>BuscarDadosCliente/SN/BuscarDadosCliente/Resources/XSD/BuscarDadosClienteRequest</xt:path>
            </xt:newRef>
        </cus:externalReferenceMap>
        <cus:externalReferenceMap>
            <xt:oldRef>
                <xt:type>XMLSchema</xt:type>
                <xt:path>BuscarDadosCliente/SN/BuscarDadosCliente/Resources/XSD/ResultadoBuscarDadosCliente</xt:path>
            </xt:oldRef>
            <xt:newRef>
                <xt:type>XMLSchema</xt:type>
                <xt:path>BuscarDadosCliente/SN/BuscarDadosCliente/Resources/XSD/ResultadoBuscarDadosCliente</xt:path>
            </xt:newRef>
        </cus:externalReferenceMap>
        <cus:externalReferenceMap>
            <xt:oldRef>
                <xt:type>Xquery</xt:type>
                <xt:path>BuscarDadosCliente/SN/BuscarDadosCliente/Resources/XSL/BuscarDadosClienteRequest</xt:path>
            </xt:oldRef>
            <xt:newRef>
                <xt:type>Xquery</xt:type>
                <xt:path>BuscarDadosCliente/SN/BuscarDadosCliente/Resources/XSL/BuscarDadosClienteRequest</xt:path>
            </xt:newRef>
        </cus:externalReferenceMap>
        <cus:externalReferenceMap>
            <xt:oldRef>
                <xt:type>Xquery</xt:type>
                <xt:path>BuscarDadosCliente/SN/BuscarDadosCliente/Resources/XSL/BuscarDadosClienteResponse</xt:path>
            </xt:oldRef>
            <xt:newRef>
                <xt:type>Xquery</xt:type>
                <xt:path>BuscarDadosCliente/SN/BuscarDadosCliente/Resources/XSL/BuscarDadosClienteResponse</xt:path>
            </xt:newRef>
        </cus:externalReferenceMap>
        <cus:externalReferenceMap>
            <xt:oldRef>
                <xt:type>WSDL</xt:type>
                <xt:path>ExecutarAnaliseCredito/SE/ExecutarAnaliseCredito/Resources/WSDL/executaranalisecredito_client_ep</xt:path>
            </xt:oldRef>
            <xt:newRef>
                <xt:type>WSDL</xt:type>
                <xt:path>ExecutarAnaliseCredito/SE/ExecutarAnaliseCredito/Resources/WSDL/executaranalisecredito_client_ep</xt:path>
            </xt:newRef>
        </cus:externalReferenceMap>
        <cus:externalReferenceMap>
            <xt:oldRef>
                <xt:type>WSDL</xt:type>
                <xt:path>ExecutarAnaliseCredito/SE/ExecutarAnaliseCredito/Resources/WSDL/executaranalisecredito_client_ep_1</xt:path>
            </xt:oldRef>
            <xt:newRef>
                <xt:type>WSDL</xt:type>
                <xt:path>ExecutarAnaliseCredito/SE/ExecutarAnaliseCredito/Resources/WSDL/executaranalisecredito_client_ep_1</xt:path>
            </xt:newRef>
        </cus:externalReferenceMap>
        <cus:externalReferenceMap>
            <xt:oldRef>
                <xt:type>XMLSchema</xt:type>
                <xt:path>ExecutarAnaliseCredito/SE/ExecutarAnaliseCredito/Resources/XSD/executaranalisecredito_client_ep</xt:path>
            </xt:oldRef>
            <xt:newRef>
                <xt:type>XMLSchema</xt:type>
                <xt:path>ExecutarAnaliseCredito/SE/ExecutarAnaliseCredito/Resources/XSD/executaranalisecredito_client_ep</xt:path>
            </xt:newRef>
        </cus:externalReferenceMap>
        <cus:externalReferenceMap>
            <xt:oldRef>
                <xt:type>XMLSchema</xt:type>
                <xt:path>ExecutarAnaliseCredito/SE/ExecutarAnaliseCredito/Resources/XSD/executaranalisecredito_client_ep_1</xt:path>
            </xt:oldRef>
            <xt:newRef>
                <xt:type>XMLSchema</xt:type>
                <xt:path>ExecutarAnaliseCredito/SE/ExecutarAnaliseCredito/Resources/XSD/executaranalisecredito_client_ep_1</xt:path>
            </xt:newRef>
        </cus:externalReferenceMap>
    </cus:customization>
</cus:Customizations>