<soapenv:Envelope xmlns:soapenv="http://schemas.xmlsoap.org/soap/envelope/" xmlns:bus="http://www.telefonica.com.br/BuscarDadosCliente/" xmlns:bus1="http://www.telefonica.com.br/BuscarDadosCliente">
   <soapenv:Header/>
   <soapenv:Body>
      <bus:request>
         <bus1:cliente>
            <bus1:documento>
               <bus1:cpf>asdf</bus1:cpf>
            </bus1:documento>
         </bus1:cliente>
      </bus:request>
   </soapenv:Body>
</soapenv:Envelope>

<soapenv:Envelope xmlns:env="http://schemas.xmlsoap.org/soap/envelope/" xmlns:soapenv="http://schemas.xmlsoap.org/soap/envelope/">
   <env:Header/>
   <soapenv:Body xmlns:xsd="http://www.w3.org/2001/XMLSchema" xmlns:xsi="http://www.w3.org/2001/XMLSchema-instance">
      <ns2:ResultadoBuscarDadosCliente xmlns:ns2="http://www.telefonica.com.br/ResultadoBuscarDadosCliente">
         <ns2:cliente>
            <ns2:nome>Erro</ns2:nome>
            <ns2:endereco>
               <ns2:logradouro>Erro</ns2:logradouro>
               <ns2:numero>Erro</ns2:numero>
            </ns2:endereco>
         </ns2:cliente>
      </ns2:ResultadoBuscarDadosCliente>
   </soapenv:Body>
</soapenv:Envelope>